-- MySQL Script generated by MySQL Workbench
-- Tue Feb 27 11:50:53 2018
-- Model: New Model    Version: 1.0
-- MySQL Workbench Forward Engineering

SET @OLD_UNIQUE_CHECKS=@@UNIQUE_CHECKS, UNIQUE_CHECKS=0;
SET @OLD_FOREIGN_KEY_CHECKS=@@FOREIGN_KEY_CHECKS, FOREIGN_KEY_CHECKS=0;
SET @OLD_SQL_MODE=@@SQL_MODE, SQL_MODE='TRADITIONAL,ALLOW_INVALID_DATES';

-- -----------------------------------------------------
-- Schema auction_platform
-- -----------------------------------------------------

-- -----------------------------------------------------
-- Schema auction_platform
-- -----------------------------------------------------
CREATE SCHEMA IF NOT EXISTS `auction_platform` DEFAULT CHARACTER SET utf8 ;
USE `auction_platform` ;

-- -----------------------------------------------------
-- Table `auction_platform`.`USERS`
-- -----------------------------------------------------
CREATE TABLE IF NOT EXISTS `auction_platform`.`USERS` (
  `user_id` INT NOT NULL,
  `username` VARCHAR(45) NOT NULL,
  `first_name` VARCHAR(45) NOT NULL,
  `last_name` VARCHAR(45) NOT NULL,
  `email` VARCHAR(45) NOT NULL,
  `password` VARCHAR(45) NOT NULL,
  `permission_level` VARCHAR(1) NOT NULL COMMENT 'Permission level = A is admin level permissions (includes seller level permissions)\npermission level = S is seller level permissions (includes buyer level permissions)\nPermission level = B is buyer level permissions',
  PRIMARY KEY (`user_id`),
  UNIQUE INDEX `user_id_UNIQUE` (`user_id` ASC),
  UNIQUE INDEX `username_UNIQUE` (`username` ASC),
  UNIQUE INDEX `email_UNIQUE` (`email` ASC))
ENGINE = InnoDB;
--
-- Dumping data for table `Users`
--

INSERT INTO `USERS` (`user_id`, `username`, `first_name`, `last_name`, `email`, `password`, `permission_level`) VALUES
( '1',  'adminuser1',  'John1',  'smith1',  'email 1@yahoo.co.uk',  'Passwordjohn1',  'A' ),
( '2',  'adminuser2',  'John2',  'smith2',  'email 2@yahoo.co.uk',  'Passwordjohn2',  'A' ),
( '3',  'adminuser3',  'John3',  'smith3',  'email 3@yahoo.co.uk',  'Passwordjohn3',  'A' ),
( '4',  'buyeruser4',  'John4',  'smith4',  'email 4@yahoo.co.uk',  'Passwordjohn4',  'B' ),
( '5',  'buyeruser5',  'John5',  'smith5',  'email 5@yahoo.co.uk',  'Passwordjohn5',  'B' ),
( '6',  'buyeruser6',  'John6',  'smith6',  'email 6@yahoo.co.uk',  'Passwordjohn6',  'B' ),
( '7',  'buyeruser7',  'John7',  'smith7',  'email 7@yahoo.co.uk',  'Passwordjohn7',  'B' ),
( '8',  'buyeruser8',  'John8',  'smith8',  'email 8@yahoo.co.uk',  'Passwordjohn8',  'B' ),
( '9',  'buyeruser9',  'John9',  'smith9',  'email 9@yahoo.co.uk',  'Passwordjohn9',  'B' ),
( '10',  'buyeruser10',  'John10',  'smith10',  'email 10@yahoo.co.uk',  'Passwordjohn10',  'B' ),
( '11',  'buyeruser11',  'John11',  'smith11',  'email 11@yahoo.co.uk',  'Passwordjohn11',  'B' ),
( '12',  'buyeruser12',  'John12',  'smith12',  'email 12@yahoo.co.uk',  'Passwordjohn12',  'B' ),
( '13',  'buyeruser13',  'John13',  'smith13',  'email 13@yahoo.co.uk',  'Passwordjohn13',  'B' ),
( '14',  'selleruser14',  'John14',  'smith14',  'email 14@yahoo.co.uk',  'Passwordjohn14',  'S' ),
( '15',  'selleruser15',  'John15',  'smith15',  'email 15@yahoo.co.uk',  'Passwordjohn15',  'S' ),
( '16',  'selleruser16',  'John16',  'smith16',  'email 16@yahoo.co.uk',  'Passwordjohn16',  'S' ),
( '17',  'selleruser17',  'John17',  'smith17',  'email 17@yahoo.co.uk',  'Passwordjohn17',  'S' ),
( '18',  'selleruser18',  'John18',  'smith18',  'email 18@yahoo.co.uk',  'Passwordjohn18',  'S' ),
( '19',  'selleruser19',  'John19',  'smith19',  'email 19@yahoo.co.uk',  'Passwordjohn19',  'S' ),
( '20',  'selleruser20',  'John20',  'smith20',  'email 20@yahoo.co.uk',  'Passwordjohn20',  'S' );


-- -----------------------------------------------------
-- Table `auction_platform`.`BUYERS`
-- -----------------------------------------------------
CREATE TABLE IF NOT EXISTS `auction_platform`.`BUYERS` (
  `buyer_id` INT NOT NULL,
  `USERS_user_id` INT NOT NULL,
  `buyer_rating` INT NULL,
  `address_line_1` VARCHAR(45) NULL,
  `address_line_2` VARCHAR(45) NULL,
  `address_line_3` VARCHAR(45) NULL,
  `address_city` VARCHAR(45) NULL,
  `address_postcode` VARCHAR(45) NULL,
  INDEX `fk_buyers_users1_idx` (`USERS_user_id` ASC),
  PRIMARY KEY (`buyer_id`),
  CONSTRAINT `fk_buyers_users1`
    FOREIGN KEY (`USERS_user_id`)
    REFERENCES `auction_platform`.`USERS` (`user_id`)
    ON DELETE NO ACTION
    ON UPDATE NO ACTION)
ENGINE = InnoDB;

--
 --  Dumping data for table `BUYERS`
--

INSERT INTO `BUYERS` (  `buyer_id`  ,  `USERS_user_id`  ,  `buyer_rating`  ,  `address_line_1`  ,  `address_line_2`  ,  `address_line_3`  ,  `address_city`  ,  `address_postcode`  ) VALUES
( 41,  '1',  '5',  'address_line_1 _1',  'address_line_2 _1',  'address_line_3 _1',  'address_city _1',  'address_postcode _1' ),
( 42,  '2',  '4',  'address_line_1 _2',  'address_line_2 _2',  'address_line_3 _2',  'address_city _2',  'address_postcode _2' ),
( 43,  '3',  '3',  'address_line_1 _3',  'address_line_2 _3',  'address_line_3 _3',  'address_city _3',  'address_postcode _3' ),
( 44,  '4',  '2',  'address_line_1 _4',  'address_line_2 _4',  'address_line_3 _4',  'address_city _4',  'address_postcode _4' ),
( 45,  '5',  '1',  'address_line_1 _5',  'address_line_2 _5',  'address_line_3 _5',  'address_city _5',  'address_postcode _5' ),
( 46,  '6',  '5',  'address_line_1 _6',  'address_line_2 _6',  'address_line_3 _6',  'address_city _6',  'address_postcode _6' ),
( 47,  '7',  '4',  'address_line_1 _7',  'address_line_2 _7',  'address_line_3 _7',  'address_city _7',  'address_postcode _7' ),
( 48,  '8',  '3',  'address_line_1 _8',  'address_line_2 _8',  'address_line_3 _8',  'address_city _8',  'address_postcode _8' ),
( 49,  '9',  '2',  'address_line_1 _9',  'address_line_2 _9',  'address_line_3 _9',  'address_city _9',  'address_postcode _9' ),
( 50,  '10',  '1',  'address_line_1 _10',  'address_line_2 _10',  'address_line_3 _10',  'address_city _10',  'address_postcode _10' ),
( 51,  '11',  '5',  'address_line_1 _11',  'address_line_2 _11',  'address_line_3 _11',  'address_city _11',  'address_postcode _11' ),
( 52,  '12',  '4',  'address_line_1 _12',  'address_line_2 _12',  'address_line_3 _12',  'address_city _12',  'address_postcode _12' ),
( 53,  '13',  '3',  'address_line_1 _13',  'address_line_2 _13',  'address_line_3 _13',  'address_city _13',  'address_postcode _13' ),
( 54,  '14',  '2',  'address_line_1 _14',  'address_line_2 _14',  'address_line_3 _14',  'address_city _14',  'address_postcode _14' ),
( 55,  '15',  '1',  'address_line_1 _15',  'address_line_2 _15',  'address_line_3 _15',  'address_city _15',  'address_postcode _15' ),
( 56,  '16',  '2',  'address_line_1 _16',  'address_line_2 _16',  'address_line_3 _16',  'address_city _16',  'address_postcode _16' ),
( 57,  '17',  '3',  'address_line_1 _17',  'address_line_2 _17',  'address_line_3 _17',  'address_city _17',  'address_postcode _17' ),
( 58,  '18',  '4',  'address_line_1 _18',  'address_line_2 _18',  'address_line_3 _18',  'address_city _18',  'address_postcode _18' ),
( 59,  '19',  '5',  'address_line_1 _19',  'address_line_2 _19',  'address_line_3 _19',  'address_city _19',  'address_postcode _19' ),
( 60,  '20',  '2',  'address_line_1 _20',  'address_line_2 _20',  'address_line_3 _20',  'address_city _20',  'address_postcode _20' );
-- -----------------------------------------------------
-- Table `auction_platform`.`SELLERS`
-- -----------------------------------------------------
CREATE TABLE IF NOT EXISTS `auction_platform`.`SELLERS` (
  `seller_id` VARCHAR(45) NOT NULL,
  `USERS_user_id` INT NOT NULL,
  `BUYERS_buyer_id` INT NOT NULL,
  `seller_rating` INT NULL,
  INDEX `fk_sellers_users1_idx` (`USERS_user_id` ASC),
  PRIMARY KEY (`seller_id`),
  INDEX `fk_SELLERS_BUYERS1_idx` (`BUYERS_buyer_id` ASC),
  CONSTRAINT `fk_sellers_users1`
    FOREIGN KEY (`USERS_user_id`)
    REFERENCES `auction_platform`.`USERS` (`user_id`)
    ON DELETE NO ACTION
    ON UPDATE NO ACTION,
  CONSTRAINT `fk_SELLERS_BUYERS1`
    FOREIGN KEY (`BUYERS_buyer_id`)
    REFERENCES `auction_platform`.`BUYERS` (`buyer_id`)
    ON DELETE NO ACTION
    ON UPDATE NO ACTION)
ENGINE = InnoDB;
--
 --  Dumping data for table `SELLERS`
--
INSERT INTO `SELLERS` (  `seller_id`  ,  `USERS_user_id`  ,  `BUYERS_buyer_id`  ,  `seller_rating`  ) VALUES

(  '61',  '1',  '41',  '5' ),
(  '62',  '2',  '42',  '4' ),
(  '63',  '3',  '43',  '3' ),
(  '64',  '14',  '54',  '2' ),
(  '65',  '15',  '55',  '1' ),
(  '66',  '16',  '56',  '5' ),
(  '67',  '17',  '57',  '4' ),
(  '68',  '18',  '58',  '3' ),
(  '69',  '19',  '59',  '2' ),
(  '70',  '20',  '60',  '1' );

-- -----------------------------------------------------
-- Table `auction_platform`.`ADMINS`
-- -----------------------------------------------------
CREATE TABLE IF NOT EXISTS `auction_platform`.`ADMINS` (
  `admin_id` VARCHAR(45) NOT NULL,
  `USERS_user_id` INT NOT NULL,
  `BUYERS_buyer_id` INT NOT NULL,
  `SELLERS_seller_id` VARCHAR(45) NOT NULL,
  INDEX `fk_administrators_users_idx` (`USERS_user_id` ASC),
  PRIMARY KEY (`admin_id`),
  INDEX `fk_ADMINS_BUYERS1_idx` (`BUYERS_buyer_id` ASC),
  INDEX `fk_ADMINS_SELLERS1_idx` (`SELLERS_seller_id` ASC),
  CONSTRAINT `fk_administrators_users`
    FOREIGN KEY (`USERS_user_id`)
    REFERENCES `auction_platform`.`USERS` (`user_id`)
    ON DELETE NO ACTION
    ON UPDATE NO ACTION,
  CONSTRAINT `fk_ADMINS_BUYERS1`
    FOREIGN KEY (`BUYERS_buyer_id`)
    REFERENCES `auction_platform`.`BUYERS` (`buyer_id`)
    ON DELETE NO ACTION
    ON UPDATE NO ACTION,
  CONSTRAINT `fk_ADMINS_SELLERS1`
    FOREIGN KEY (`SELLERS_seller_id`)
    REFERENCES `auction_platform`.`SELLERS` (`seller_id`)
    ON DELETE NO ACTION
    ON UPDATE NO ACTION)
ENGINE = InnoDB;

--
 --  Dumping data for table `ADMINS`
--
INSERT INTO `ADMINS` (  `admin_id`  ,  `USERS_user_id`  ,  `BUYERS_buyer_id`  ,  `SELLERS_seller_id` ) VALUES
(  '21',  '1',  '41',  '61'),
(  '22',  '2',  '42',  '62'),
(  '23',  '3',  '43',  '63');

-- -----------------------------------------------------
-- Table `auction_platform`.`LISTED_ITEMS`
-- -----------------------------------------------------
CREATE TABLE IF NOT EXISTS `auction_platform`.`LISTED_ITEMS` (
  `auction_listing_nbr` INT NOT NULL,
  `sellers_seller_id` VARCHAR(45) NOT NULL,
  `item_title` VARCHAR(45) NOT NULL,
  `item_description` VARCHAR(450) NOT NULL,
  `item_start_price` DECIMAL NULL,
  `item_reserve_price` DECIMAL NULL,
  `item_listing_start_time` VARCHAR(45) NOT NULL,
  `item_listing_end_time` VARCHAR(45) NOT NULL,
  `item_image1` VARCHAR(45) NULL,
  `item_image2` VARCHAR(45) NULL,
  `item_image3` VARCHAR(45) NULL,
  INDEX `fk_listed_auction_items_sellers1_idx` (`sellers_seller_id` ASC),
  PRIMARY KEY (`auction_listing_nbr`),
  CONSTRAINT `fk_listed_auction_items_sellers1`
    FOREIGN KEY (`sellers_seller_id`)
    REFERENCES `auction_platform`.`SELLERS` (`seller_id`)
    ON DELETE NO ACTION
    ON UPDATE NO ACTION)
ENGINE = InnoDB;
-- -----------------------------------------------------
-- Table `auction_platform`.`LISTED_ITEMS`
-- -----------------------------------------------------

INSERT INTO `LISTED_ITEMS` (  `auction_listing_nbr`  ,  `sellers_seller_id`  ,  `item_title`  ,  `item_description`  ,  `item_start_price`  ,  `item_reserve_price`  ,  `item_listing_start_time`  ,  `item_listing_end_time`  ,  `item_image1`  ,  `item_image2`  ,  `item_image3`  ) VALUES
(  '1001',  '61',  'Chair',  'Nice chair',  '25',  '23', '01/03/2018  10:00:00', '01/09/2018  10:00:00', 'item_image1_1',  'item_image2_1',  'item_image3_1' ),
(  '1002',  '62',  'Laptop',  'Nice laptop',  '300',  '298',  '01/03/2018  10:00:00',  '01/09/2018  10:00:00',  'item_image1_2',  'item_image2_2',  'item_image3_2' ),
(  '1003',  '63',  'Football',  'Nice football',  '9.85',  '7.85',  '01/03/2018  10:00:00',  '01/09/2018  10:00:00',  'item_image1_3',  'item_image2_3',  'item_image3_3' ),
(  '1004',  '64',  'Painting',  'Nice Painting',  '45',  '43',  '01/03/2018  10:00:00',  '01/09/2018  10:00:00',  'item_image1_4',  'item_image2_4',  'item_image3_4' ),
(  '1005',  '65',  'Adele CD',  'Nice Adele CD',  '5',  '3',  '01/03/2018  10:00:00',  '01/09/2018  10:00:00',  'item_image1_5',  'item_image2_5',  'item_image3_5' ),
(  '1006',  '66',  'Plant pot',  'Nice Plant pot',  '3',  '1',  '01/03/2018  10:00:00',  '01/09/2018  10:00:00',  'item_image1_6',  'item_image2_6',  'item_image3_6' ),
(  '1007',  '67',  'Walkman',  'Nice Walkman',  '45',  '43',  '01/03/2018  10:00:00',  '01/09/2018  10:00:00',  'item_image1_7',  'item_image2_7',  'item_image3_7' ),
(  '1008',  '68',  'Hockey Stick',  'Nice Hockey Stick',  '13',  '11',  '01/03/2018  10:00:00',  '01/09/2018  10:00:00',  'item_image1_8',  'item_image2_8',  'item_image3_8' ),
(  '1009',  '69',  'Paint brush',  'Nice Paint brush',  '1.99',  '1',  '01/03/2018  10:00:00',  '01/09/2018  10:00:00',  'item_image1_9',  'item_image2_9',  'item_image3_9' ),
(  '1010',  '70',  'Coldplay CD',  'Nice Coldplay CD',  '2.99',  '0.99',  '01/03/2018  10:00:00',  '01/09/2018  10:00:00',  'item_image1_10',  'item_image2_10',  'item_image3_10' );


-- -----------------------------------------------------
-- Table `auction_platform`.`BIDS`
-- -----------------------------------------------------
CREATE TABLE IF NOT EXISTS `auction_platform`.`BIDS` (
  `bid_nbr` INT NOT NULL,
  `BUYERS_buyer_id` INT NOT NULL,
  `bid_amount` VARCHAR(45) NULL,
  `bid_time` VARCHAR(45) NULL,
  `LISTED_ITEMS_auction_listing_nbr` INT NOT NULL,
  INDEX `fk_bids_buyers1_idx` (`BUYERS_buyer_id` ASC),
  PRIMARY KEY (`bid_nbr`),
  INDEX `fk_BIDS_LISTED_ITEMS1_idx` (`LISTED_ITEMS_auction_listing_nbr` ASC),
  CONSTRAINT `fk_bids_buyers1`
    FOREIGN KEY (`BUYERS_buyer_id`)
    REFERENCES `auction_platform`.`BUYERS` (`buyer_id`)
    ON DELETE NO ACTION
    ON UPDATE NO ACTION,
  CONSTRAINT `fk_BIDS_LISTED_ITEMS1`
    FOREIGN KEY (`LISTED_ITEMS_auction_listing_nbr`)
    REFERENCES `auction_platform`.`LISTED_ITEMS` (`auction_listing_nbr`)
    ON DELETE NO ACTION
    ON UPDATE NO ACTION)
ENGINE = InnoDB;
--
 --  Dumping data for table `BIDS`
--

INSERT INTO `BIDS` (  `bid_nbr`  ,  `BUYERS_buyer_id`  ,  `bid_amount`  ,  `bid_time`  ,  `LISTED_ITEMS_auction_listing_nbr`  ) VALUES
( '101',  '41',  '11.99', '01/03/2018  10:00:00', '1001' ),
( '102',  '42',  '12.99', '01/03/2018  10:00:00',  '1002' ),
( '103',  '43',  '13.99', '01/03/2018  10:00:00',  '1003' ),
( '104',  '44',  '14.99', '01/03/2018  10:00:00', '1004' ),
( '105',  '45',  '15.99', '01/03/2018  10:00:00',  '1005' ),
( '106',  '46',  '16.99', '01/03/2018  10:00:00', '1006' ),
( '107',  '47',  '17.99', '01/03/2018  10:00:00', '1007' ),
( '108',  '48',  '18.99', '01/03/2018  10:00:00', '1008' ),
( '109',  '49',  '19.99', '01/03/2018  10:00:00', '1009' ),
( '110',  '50',  '20.99', '01/03/2018  10:00:00', '1010' );

-- -----------------------------------------------------
-- Table `auction_platform`.`CATEGORIES`
-- -----------------------------------------------------
CREATE TABLE IF NOT EXISTS `auction_platform`.`CATEGORIES` (
  `LISTED_ITEMS_auction_listing_nbr` INT NOT NULL,
  `category` VARCHAR(45) NULL,
  INDEX `fk_categories_listed_auction_items1_idx` (`LISTED_ITEMS_auction_listing_nbr` ASC),
  CONSTRAINT `fk_categories_listed_auction_items1`
    FOREIGN KEY (`LISTED_ITEMS_auction_listing_nbr`)
    REFERENCES `auction_platform`.`LISTED_ITEMS` (`auction_listing_nbr`)
    ON DELETE NO ACTION
    ON UPDATE NO ACTION)
ENGINE = InnoDB;

--
 --  Dumping data for table `CATEGORIES`
--

INSERT INTO `CATEGORIES` (  `LISTED_ITEMS_auction_listing_nbr`  ,  `category`  ) VALUES
(  '1001',  'Home & Garden' ),
(  '1002',  'Electronics' ),
(  '1003',  'Sports' ),
(  '1004',  'Art' ),
(  '1005',  'Music' ),
(  '1006',  'Home & Garden' ),
(  '1007',  'Electronics' ),
(  '1008',  'Sports' ),
(  '1009',  'Art' ),
(  '1010',  'Music' );

-- -----------------------------------------------------
-- Table `auction_platform`.`WATCHED_ITEMS`
-- -----------------------------------------------------
CREATE TABLE IF NOT EXISTS `auction_platform`.`WATCHED_ITEMS` (
  `BUYERS_buyer_id` INT NOT NULL,
  `LISTED_ITEMS_auction_listing_nbr` INT NOT NULL,
  INDEX `fk_WATCHED_ITEMS_BUYERS1_idx` (`BUYERS_buyer_id` ASC),
  INDEX `fk_WATCHED_ITEMS_LISTED_ITEMS1_idx` (`LISTED_ITEMS_auction_listing_nbr` ASC),
  CONSTRAINT `fk_WATCHED_ITEMS_BUYERS1`
    FOREIGN KEY (`BUYERS_buyer_id`)
    REFERENCES `auction_platform`.`BUYERS` (`buyer_id`)
    ON DELETE NO ACTION
    ON UPDATE NO ACTION,
  CONSTRAINT `fk_WATCHED_ITEMS_LISTED_ITEMS1`
    FOREIGN KEY (`LISTED_ITEMS_auction_listing_nbr`)
    REFERENCES `auction_platform`.`LISTED_ITEMS` (`auction_listing_nbr`)
    ON DELETE NO ACTION
    ON UPDATE NO ACTION)
ENGINE = InnoDB;


-- -----------------------------------------------------
-- Table `auction_platform`.`RATINGS_AND_FEEDBACK`
-- -----------------------------------------------------
CREATE TABLE IF NOT EXISTS `auction_platform`.`RATINGS_AND_FEEDBACK` (
  `BUYERS_buyer_id` INT NOT NULL,
  `SELLERS_seller_id` VARCHAR(45) NOT NULL,
  `LISTED_ITEMS_auction_listing_nbr` INT NOT NULL,
  `rating` INT NULL,
  `feedback` VARCHAR(100) NULL,
  INDEX `fk_RATINGS_AND_FEEDBACK_BUYERS1_idx` (`BUYERS_buyer_id` ASC),
  INDEX `fk_RATINGS_AND_FEEDBACK_SELLERS1_idx` (`SELLERS_seller_id` ASC),
  INDEX `fk_RATINGS_AND_FEEDBACK_LISTED_ITEMS1_idx` (`LISTED_ITEMS_auction_listing_nbr` ASC),
  CONSTRAINT `fk_RATINGS_AND_FEEDBACK_BUYERS1`
    FOREIGN KEY (`BUYERS_buyer_id`)
    REFERENCES `auction_platform`.`BUYERS` (`buyer_id`)
    ON DELETE NO ACTION
    ON UPDATE NO ACTION,
  CONSTRAINT `fk_RATINGS_AND_FEEDBACK_SELLERS1`
    FOREIGN KEY (`SELLERS_seller_id`)
    REFERENCES `auction_platform`.`SELLERS` (`seller_id`)
    ON DELETE NO ACTION
    ON UPDATE NO ACTION,
  CONSTRAINT `fk_RATINGS_AND_FEEDBACK_LISTED_ITEMS1`
    FOREIGN KEY (`LISTED_ITEMS_auction_listing_nbr`)
    REFERENCES `auction_platform`.`LISTED_ITEMS` (`auction_listing_nbr`)
    ON DELETE NO ACTION
    ON UPDATE NO ACTION)
ENGINE = InnoDB;


-- -----------------------------------------------------
-- Table `auction_platform`.`ENDED_ITEMS`
-- -----------------------------------------------------
CREATE TABLE IF NOT EXISTS `auction_platform`.`ENDED_ITEMS` (
  `LISTED_ITEMS_auction_listing_nbr` INT NOT NULL,
  `BIDS_bid_nbr` INT NOT NULL,
  `sold_amount` DECIMAL NULL,
  INDEX `fk_ENDED_ITEMS_LISTED_ITEMS1_idx` (`LISTED_ITEMS_auction_listing_nbr` ASC),
  INDEX `fk_ENDED_ITEMS_BIDS1_idx` (`BIDS_bid_nbr` ASC),
  CONSTRAINT `fk_ENDED_ITEMS_LISTED_ITEMS1`
    FOREIGN KEY (`LISTED_ITEMS_auction_listing_nbr`)
    REFERENCES `auction_platform`.`LISTED_ITEMS` (`auction_listing_nbr`)
    ON DELETE NO ACTION
    ON UPDATE NO ACTION,
  CONSTRAINT `fk_ENDED_ITEMS_BIDS1`
    FOREIGN KEY (`BIDS_bid_nbr`)
    REFERENCES `auction_platform`.`BIDS` (`bid_nbr`)
    ON DELETE NO ACTION
    ON UPDATE NO ACTION)
ENGINE = InnoDB;


SET SQL_MODE=@OLD_SQL_MODE;
SET FOREIGN_KEY_CHECKS=@OLD_FOREIGN_KEY_CHECKS;
SET UNIQUE_CHECKS=@OLD_UNIQUE_CHECKS;
